title,company name,company location,url
Investment Analyst,"JPMorgan Chase Bank, N.A.",London,https://uk.indeed.com/viewjob?jk=72daf261e63cb18a&tk=1h232lii9j9jh801&from=serp&vjs=
Python Software Consultant,Datasource,Remote,https://uk.indeed.com/viewjob?jk=30cdd1e0863eb1d8&tk=1h232lii9j9jh801&from=serp&vjs=
Python Software Engineer II,"JPMorgan Chase Bank, N.A.",London+1 location,https://uk.indeed.com/viewjob?jk=36b1d4a9bb25bba8&tk=1h232lii9j9jh801&from=serp&vjs=
Python Software Engineer,Datasource,Remote,https://uk.indeed.com/viewjob?jk=912e280aa9860d71&tk=1h232lii9j9jh801&from=serp&vjs=
Python Developer,Datasource,Remote,https://uk.indeed.com/viewjob?jk=f9bce12810fa15b8&tk=1h232lii9j9jh801&from=serp&vjs=
Python Developer,Applause IT,Nottingham,https://uk.indeed.com/viewjob?jk=5281792ca5d60291&tk=1h232lii9j9jh801&from=serp&vjs=
Python Developer Full Time Permanent,Pearson Carter,Hybrid remote in Edinburgh+1 location,https://uk.indeed.com/viewjob?jk=2d30a2738f3bd745&tk=1h232lii9j9jh801&from=serp&vjs=
Python Developer,Noa,Remote in Milton Keynes MK10,https://uk.indeed.com/viewjob?jk=fefc9db006a87c7d&tk=1h232lii9j9jh801&from=serp&vjs=
Data Insight Analyst,Chest Heart & Stroke Scotland,Remote,https://uk.indeed.com/viewjob?jk=044cec0d4a5f11f9&tk=1h232lii9j9jh801&from=serp&vjs=
Engineering internship in Sweden!,Iknal Semikan,Remote in London SW1E,https://uk.indeed.com/viewjob?jk=2b6b73ed1bd08784&tk=1h232lii9j9jh801&from=serp&vjs=
People Solutions Data and Analytics Intern,Chanel,London,https://uk.indeed.com/viewjob?jk=0184230a0c9f7e64&tk=1h232lii9j9jh801&from=serp&vjs=
Internship Opportunity : Machine Learning with new compute paradigms Internship,Microsoft,Cambridge,https://uk.indeed.com/viewjob?jk=41551432fb8e07f9&tk=1h232lii9j9jh801&from=serp&vjs=
Python Developer - Contract,Satalia,Remote in London N1,https://uk.indeed.com/viewjob?jk=46cf91bf4d350775&tk=1h232lii9j9jh801&from=serp&vjs=
2023 Software Development Engineer Internship,Amazon Data Services UK Ltd,Hybrid remote in London,https://uk.indeed.com/viewjob?jk=5f77aafeff01169c&tk=1h232lii9j9jh801&from=serp&vjs=
GEOSPATIAL ANALYST,Bangura Solutions,Remote in London,https://uk.indeed.com/viewjob?jk=83f280a3c68b2740&tk=1h232lii9j9jh801&from=serp&vjs=
